{
    "loss": 0.222516730427742,
    "accuracy": 0.931034505367279
}