{
    "loss": 0.34344083070755005,
    "accuracy": 0.8448275923728943
}